gsm,group,source_url,source_sha256,title,source_phenotype,source_disease,matrix_sha256,probes_matched
GSM1384758,normal_capacity_IC,https://www.ncbi.nlm.nih.gov/geo/query/acc.cgi?acc=GSM1384758&targ=self&form=text&view=full,ac878061ccc6bfdfd032f3f66d86e9db76467e9d638914872ac3f0d708b6fa46,bladder biopsy during cytoscopy G153,phenotype: normal capactiy,disease state: Interstitial cystitis,bdd66a6e3be02701af2fcbc06695dead3f231845938f194a1d04a5dfaf71f255,62976
GSM1384760,normal_capacity_IC,https://www.ncbi.nlm.nih.gov/geo/query/acc.cgi?acc=GSM1384760&targ=self&form=text&view=full,a7a151fa49139f75f1afd8cb7f0254bbc55888d574799536967baa174906195d,bladder biopsy during cytoscopy G155,phenotype: normal capactiy,disease state: Interstitial cystitis,bdd66a6e3be02701af2fcbc06695dead3f231845938f194a1d04a5dfaf71f255,62976
GSM1384762,normal_capacity_IC,https://www.ncbi.nlm.nih.gov/geo/query/acc.cgi?acc=GSM1384762&targ=self&form=text&view=full,251fb49c1da9c71f6f0f5ce9b79cf22fc63daca168c5affc0d09d08ee61503ec,bladder biopsy during cytoscopy G157,phenotype: normal capactiy,disease state: Interstitial cystitis,bdd66a6e3be02701af2fcbc06695dead3f231845938f194a1d04a5dfaf71f255,62976
GSM1384763,normal_capacity_IC,https://www.ncbi.nlm.nih.gov/geo/query/acc.cgi?acc=GSM1384763&targ=self&form=text&view=full,149d610059c26a1b34f0fea858127bdbf4f06ed4d48de8658675ec18d2324253,bladder biopsy during cytoscopy G158,phenotype: normal capactiy,disease state: Interstitial cystitis,bdd66a6e3be02701af2fcbc06695dead3f231845938f194a1d04a5dfaf71f255,62976
GSM1384764,normal_capacity_IC,https://www.ncbi.nlm.nih.gov/geo/query/acc.cgi?acc=GSM1384764&targ=self&form=text&view=full,34344e9a9494bd09dfa6f79ca1f13179b99e7e883b428c33b65fba49c17e2d77,bladder biopsy during cytoscopy G159,phenotype: normal capactiy,disease state: Interstitial cystitis,bdd66a6e3be02701af2fcbc06695dead3f231845938f194a1d04a5dfaf71f255,62976
GSM1384765,normal_capacity_IC,https://www.ncbi.nlm.nih.gov/geo/query/acc.cgi?acc=GSM1384765&targ=self&form=text&view=full,67153cd67ee53a79c912afd1cbdc2049da8711f896fcfc966f722e07b074e9f5,bladder biopsy during cytoscopy G160,phenotype: normal capactiy,disease state: Interstitial cystitis,bdd66a6e3be02701af2fcbc06695dead3f231845938f194a1d04a5dfaf71f255,62976
GSM1384766,normal_capacity_IC,https://www.ncbi.nlm.nih.gov/geo/query/acc.cgi?acc=GSM1384766&targ=self&form=text&view=full,8ec0521f2325f9aea56ba1711ff0435879272d9f58b6be02ba54a33407c02f4b,bladder biopsy during cytoscopy G161,phenotype: normal capactiy,disease state: Interstitial cystitis,bdd66a6e3be02701af2fcbc06695dead3f231845938f194a1d04a5dfaf71f255,62976
GSM1384767,normal_capacity_IC,https://www.ncbi.nlm.nih.gov/geo/query/acc.cgi?acc=GSM1384767&targ=self&form=text&view=full,dd5064b919a2ff07d8e84c3b28df7c0f4526ffda0b8ea1d2a3eacde82107c25f,bladder biopsy during cytoscopy G162,phenotype: normal capactiy,disease state: Interstitial cystitis,bdd66a6e3be02701af2fcbc06695dead3f231845938f194a1d04a5dfaf71f255,62976
GSM1384770,normal_capacity_IC,https://www.ncbi.nlm.nih.gov/geo/query/acc.cgi?acc=GSM1384770&targ=self&form=text&view=full,e2ac0f241c782320d8cbc5169c667618544f42d4e89bfac87b034354976eb691,bladder biopsy during cytoscopy G165,phenotype: normal capactiy,disease state: Interstitial cystitis,bdd66a6e3be02701af2fcbc06695dead3f231845938f194a1d04a5dfaf71f255,62976
