disease,method,seed,fold,npos,auroc,auprc
interstitial_cystitis,meta_abs_z,0,0,197,0.6088368350616189,0.02791506091353109
interstitial_cystitis,rwr,0,0,197,0.787708235835037,0.05951116041294863
interstitial_cystitis,logreg,0,0,197,0.6549668711051997,0.02744702928549896
interstitial_cystitis,mlp,0,0,197,0.6644252321485751,0.026098948898956753
interstitial_cystitis,gcn,0,0,197,0.7720674565054968,0.05440843257256818
interstitial_cystitis,sage,0,0,197,0.7170373654523511,0.05333034437972561
interstitial_cystitis,sage_rwr,0,0,197,0.7812507697233922,0.06381833345264545
interstitial_cystitis,meta_abs_z,0,1,197,0.49074689852787845,0.0132078153307074
interstitial_cystitis,rwr,0,1,197,0.6619292757621289,0.04579258871356109
interstitial_cystitis,logreg,0,1,197,0.5969769370345739,0.01826044967308793
interstitial_cystitis,mlp,0,1,197,0.5718203239817072,0.01636688244398873
interstitial_cystitis,gcn,0,1,197,0.6646797540169297,0.038533342413269486
interstitial_cystitis,sage,0,1,197,0.621723030944933,0.0328453621819782
interstitial_cystitis,sage_rwr,0,1,197,0.6584644941993645,0.04912481689690822
interstitial_cystitis,meta_abs_z,0,2,197,0.4971052210121717,0.012730313704533938
interstitial_cystitis,rwr,0,2,197,0.6790158552210122,0.03393419410490071
interstitial_cystitis,logreg,0,2,197,0.590631005765535,0.022908704522916302
interstitial_cystitis,mlp,0,2,197,0.6243994234465086,0.03692465556188255
interstitial_cystitis,gcn,0,2,197,0.7084401024983984,0.028675443602433993
interstitial_cystitis,sage,0,2,197,0.6559096732863549,0.027903235773194313
interstitial_cystitis,sage_rwr,0,2,197,0.6738148622677771,0.03913714748742921
interstitial_cystitis,meta_abs_z,0,3,197,0.3738348814862268,0.010466268194959149
interstitial_cystitis,rwr,0,3,197,0.6653387251761691,0.03945816704113368
interstitial_cystitis,logreg,0,3,197,0.6165038436899424,0.02629186502318278
interstitial_cystitis,mlp,0,3,197,0.6466287636130685,0.02890325733170887
interstitial_cystitis,gcn,0,3,197,0.716107463164638,0.06103905987616701
interstitial_cystitis,sage,0,3,197,0.6578795643818066,0.04526298840977285
interstitial_cystitis,sage_rwr,0,3,197,0.6611867392696988,0.040544911761666746
interstitial_cystitis,meta_abs_z,0,4,197,0.4546395308727147,0.011974634063508145
interstitial_cystitis,rwr,0,4,197,0.7431626669294831,0.13081590319910322
interstitial_cystitis,logreg,0,4,197,0.63003663003663,0.02320379191302352
interstitial_cystitis,mlp,0,4,197,0.6165508631876345,0.023434391476373627
interstitial_cystitis,gcn,0,4,197,0.7246669623351237,0.07265974536967187
interstitial_cystitis,sage,0,4,197,0.7214638873831698,0.07576494130263792
interstitial_cystitis,sage_rwr,0,4,197,0.7330935133625716,0.07394959285282743
interstitial_cystitis,meta_abs_z,1,0,197,0.4584677783525046,0.01280161962579539
interstitial_cystitis,rwr,1,0,197,0.6700739755494798,0.04179298020602955
interstitial_cystitis,logreg,1,0,197,0.6470931139519035,0.02572276664195553
interstitial_cystitis,mlp,1,0,197,0.6566417892066307,0.04924796606191299
interstitial_cystitis,gcn,1,0,197,0.7319474207082277,0.04856819097906597
interstitial_cystitis,sage,1,0,197,0.7169798927723999,0.06451235211187209
interstitial_cystitis,sage_rwr,1,0,197,0.6814864077111915,0.03910234966960846
interstitial_cystitis,meta_abs_z,1,1,197,0.4222887263233085,0.010303620253485317
interstitial_cystitis,rwr,1,1,197,0.7150832943340149,0.06102998634445418
interstitial_cystitis,logreg,1,1,197,0.5953389656559684,0.018050866007618332
interstitial_cystitis,mlp,1,1,197,0.5897312741693145,0.021661339422307926
interstitial_cystitis,gcn,1,1,197,0.7234660952240202,0.040813496730272965
interstitial_cystitis,sage,1,1,197,0.6589653275532239,0.04264948600584553
interstitial_cystitis,sage_rwr,1,1,197,0.7138271057579415,0.05752214064302242
interstitial_cystitis,meta_abs_z,1,2,197,0.432082799487508,0.01147909966921078
interstitial_cystitis,rwr,1,2,197,0.7522501601537477,0.07907563717262547
interstitial_cystitis,logreg,1,2,197,0.6852538436899424,0.028533728925825865
interstitial_cystitis,mlp,1,2,197,0.6961683215887251,0.04552242824411984
interstitial_cystitis,gcn,1,2,197,0.7867072389493914,0.057942315743274554
interstitial_cystitis,sage,1,2,197,0.7239910313901345,0.08945326385571567
interstitial_cystitis,sage_rwr,1,2,197,0.7376681614349776,0.07714473413117806
interstitial_cystitis,meta_abs_z,1,3,197,0.549855861627162,0.01920084825285155
interstitial_cystitis,rwr,1,3,197,0.741940262652146,0.06424498143915615
interstitial_cystitis,logreg,1,3,197,0.6570387572069187,0.030889519558958363
interstitial_cystitis,mlp,1,3,197,0.63819666880205,0.04288429380804457
interstitial_cystitis,gcn,1,3,197,0.723186258808456,0.05287452137040109
interstitial_cystitis,sage,1,3,197,0.72152466367713,0.05787228660402709
interstitial_cystitis,sage_rwr,1,3,197,0.7451873798846893,0.07221176952751396
interstitial_cystitis,meta_abs_z,1,4,197,0.5592363540794034,0.019705497542267022
interstitial_cystitis,rwr,1,4,197,0.6867967607877922,0.05205449395526175
interstitial_cystitis,logreg,1,4,197,0.5662297343911693,0.023519604585142576
interstitial_cystitis,mlp,1,4,197,0.5840437589316513,0.017275392674049074
interstitial_cystitis,gcn,1,4,197,0.64614234793607,0.026530538933772954
interstitial_cystitis,sage,1,4,197,0.5828610851032375,0.02029258427225444
interstitial_cystitis,sage_rwr,1,4,197,0.6901066049048112,0.06068541002716099
