disease,gene,score,known_ot,mu,z,p,q,I2,k
interstitial_cystitis,SMAD5,0.9945342,False,-1.2222,-2.9973,0.0027234,0.029862,0.0,2.0
interstitial_cystitis,STK39,0.9682599,False,-2.5921,-3.7546,0.00017363,0.0070545,0.0,1.0
interstitial_cystitis,FFAR2,0.8711447,False,2.0862,3.2876,0.0010105,0.017163,0.0,1.0
interstitial_cystitis,ID1,0.5594587,False,-2.254,-3.4557,0.0005488,0.0122,0.0,1.0
interstitial_cystitis,PCDH7,0.509608,False,-1.6203,-2.7439,0.006072,0.048791,1.0,1.0
interstitial_cystitis,RNASE2,0.44248548,False,2.3769,3.5703,0.00035661,0.0096638,0.0,1.0
interstitial_cystitis,PEX14,0.40174422,False,-1.7613,-2.9209,0.0034903,0.034988,0.0,1.0
interstitial_cystitis,PEX13,0.36088857,False,-1.8679,-3.0474,0.0023081,0.027181,0.0,1.0
interstitial_cystitis,IHH,0.26096165,False,-1.8553,-3.0328,0.0024229,0.028097,1.0,1.0
interstitial_cystitis,BBS1,0.22214665,False,-1.7749,-2.9374,0.0033098,0.033815,1.0,1.0
interstitial_cystitis,CALML6,0.18800743,False,1.6217,2.7457,0.0060384,0.048664,0.0,1.0
interstitial_cystitis,DNAJB11,0.080376856,False,2.1443,3.3474,0.00081584,0.015089,0.0,1.0
interstitial_cystitis,ACER2,0.06269129,False,-1.6988,-2.8438,0.0044584,0.04034,0.0,1.0
interstitial_cystitis,NCAPG,0.06053999,False,1.7203,2.8706,0.0040975,0.038345,1.0,1.0
interstitial_cystitis,SRC,0.05253686,False,-2.3913,-3.5833,0.00033933,0.0094477,0.0,1.0
interstitial_cystitis,HLA-DRB1,0.041707724,False,2.1909,3.3942,0.00068841,0.013745,0.0,1.0
interstitial_cystitis,CERS6,0.030967267,False,-1.6321,-2.7591,0.005796,0.047375,1.0,1.0
interstitial_cystitis,COX5B,0.02620846,False,-2.523,-3.6976,0.00021768,0.0078265,0.0,1.0
interstitial_cystitis,TRAF3,0.021843066,False,1.647,2.7783,0.0054649,0.045679,0.0,1.0
interstitial_cystitis,SMC4,0.021752065,False,2.4386,3.6252,0.00028879,0.0087779,0.0,1.0
interstitial_cystitis,IL17F,0.020128874,False,2.656,3.8055,0.00014153,0.0065086,0.0,1.0
interstitial_cystitis,TRPC1,0.016730122,False,-1.3692,-3.3112,0.00092909,0.016312,0.0,2.0
interstitial_cystitis,PTPRD,0.013988949,False,-1.9762,-4.3696,1.2447e-05,0.0039571,0.0,2.0
interstitial_cystitis,COLGALT2,0.013746396,False,-1.8696,-3.0494,0.0022931,0.027095,1.0,1.0
interstitial_cystitis,PGRMC1,0.01308363,False,-2.3893,-3.5815,0.00034167,0.0094591,0.0,1.0
interstitial_cystitis,ARHGEF2,0.012071922,False,1.7467,2.9031,0.0036952,0.036063,1.0,1.0
interstitial_cystitis,TPM3,0.010926536,False,1.9233,3.1108,0.001866,0.024169,0.0,1.0
interstitial_cystitis,HLA-DRB5,0.009421155,False,2.3251,3.5229,0.00042689,0.010672,0.0,1.0
interstitial_cystitis,LILRB1,0.009043961,False,2.4717,3.6539,0.00025824,0.008337,0.0,1.0
interstitial_cystitis,ANO6,0.008119992,False,-2.5705,-3.737,0.00018626,0.0073281,0.0,1.0
