gsm,source_url,sha256,title,patient_token,state,label,platform,finite_probes
GSM298203,https://www.ncbi.nlm.nih.gov/geo/query/acc.cgi?acc=GSM298203&targ=self&form=text&view=full,95a03083e7caae3ad9b89f4f2164921d07158e94b3d67328193887d0a0302476,patient:10--location:healthy--R:01,10,disease state: no,control,GPL570,54675
GSM298204,https://www.ncbi.nlm.nih.gov/geo/query/acc.cgi?acc=GSM298204&targ=self&form=text&view=full,680a8e8890cb60c7be9d97404b3eff21d94159212c0df94b85d08b68682544d9,patient:11--location:healthy--R:01,11,disease state: no,control,GPL570,54675
GSM298205,https://www.ncbi.nlm.nih.gov/geo/query/acc.cgi?acc=GSM298205&targ=self&form=text&view=full,c000241c56bbf3997a3e57f1775da9d0603f35ba3a08c1ab89fe2e365bec012f,patient:12--location:ni--R:01,12,"disease state: IC, non-ulcer tissue",case,GPL570,54675
GSM298206,https://www.ncbi.nlm.nih.gov/geo/query/acc.cgi?acc=GSM298206&targ=self&form=text&view=full,d682965cc2da501df38c8af43b3825bfe51004a42c0a49583def012c916671ca,patient:12--location:ulcus--R:01,12,"disease state: IC, ulcer",case,GPL570,54675
GSM298207,https://www.ncbi.nlm.nih.gov/geo/query/acc.cgi?acc=GSM298207&targ=self&form=text&view=full,801cea98c7ca55d7f9b3db921cbc46528fcb01f6201f6638a493458cc4f20121,patient:13--location:ni--R:01,13,"disease state: IC, non-ulcer tissue",case,GPL570,54675
GSM298208,https://www.ncbi.nlm.nih.gov/geo/query/acc.cgi?acc=GSM298208&targ=self&form=text&view=full,41220653a676102aa85898553e11941bd534f8b9eb2df8d3f36d2e730891acc5,patient:13--location:ulcus--R:01,13,"disease state: IC, ulcer",case,GPL570,54675
GSM298209,https://www.ncbi.nlm.nih.gov/geo/query/acc.cgi?acc=GSM298209&targ=self&form=text&view=full,80ab98f4dc4bcf22023d49a4dfc32cfe50397c0d8cdbec26e38eba1803079fc2,patient:14--location:ulcus--R:01,14,"disease state: IC, ulcer",case,GPL570,54675
GSM298210,https://www.ncbi.nlm.nih.gov/geo/query/acc.cgi?acc=GSM298210&targ=self&form=text&view=full,661ae4b57e24feccbcc36270077c83064ff2d8d78234d764ebb52032821fa705,patient:15--location:ni--R:01,15,"disease state: IC, non-ulcer tissue",case,GPL570,54675
GSM298211,https://www.ncbi.nlm.nih.gov/geo/query/acc.cgi?acc=GSM298211&targ=self&form=text&view=full,c3d6fbdac5507489d2a19ac16f3013607a4c72c49c1a910805e969060cce3442,patient:15--location:ulcus--R:01,15,"disease state: IC, ulcer",case,GPL570,54675
GSM298212,https://www.ncbi.nlm.nih.gov/geo/query/acc.cgi?acc=GSM298212&targ=self&form=text&view=full,e3f554f8d1596ce9c0273383148c9c39827891c31a98d08732ffbd04195c6e21,patient:2--location:healthy--R:01,2,disease state: no,control,GPL570,54675
GSM298213,https://www.ncbi.nlm.nih.gov/geo/query/acc.cgi?acc=GSM298213&targ=self&form=text&view=full,aa7a7c76007e3dd7be78a7a759588747e41cc19c1486ea35761365a8dacbe7a2,patient:4--location:ni--R:01,4,"disease state: IC, non-ulcer tissue",case,GPL570,54675
GSM298214,https://www.ncbi.nlm.nih.gov/geo/query/acc.cgi?acc=GSM298214&targ=self&form=text&view=full,901e502f4a4cedf4bd4302f2914eac12b7b2e7abced328b8b2c6dd87016f0cf5,patient:4--location:ulcus--R:01,4,"disease state: IC, ulcer",case,GPL570,54675
GSM298215,https://www.ncbi.nlm.nih.gov/geo/query/acc.cgi?acc=GSM298215&targ=self&form=text&view=full,874f5fc92f0aaf46a5cb43ba2dd898b501a0eba490c27d21351e315cd0ad6c81,patient:5--location:healthy--R:01,5,disease state: no,control,GPL570,54675
GSM298216,https://www.ncbi.nlm.nih.gov/geo/query/acc.cgi?acc=GSM298216&targ=self&form=text&view=full,56ea1988011467ebe7c34e7b877f2e6299ef30b122e71e612a50898664b211fe,patient:7--location:healthy--R:01,7,disease state: no,control,GPL570,54675
GSM298217,https://www.ncbi.nlm.nih.gov/geo/query/acc.cgi?acc=GSM298217&targ=self&form=text&view=full,85421fdd7bb5b418a74595950ef70976089bdcbb04c36bc599bebe93f07ef0ef,patient:9--location:healthy--R:01,9,disease state: no,control,GPL570,54675
GSM402541,https://www.ncbi.nlm.nih.gov/geo/query/acc.cgi?acc=GSM402541&targ=self&form=text&view=full,faa6d970e2a34ea6e29e7ae47378fbfdd1c950e7813b93bf02ec9a14f46544e2,patient:14--location:ni--R:01,14,"disease state: IC, non-ulcer tissue",case,GPL570,54675
