patient,lesion_gsm,nonlesion_gsm,lesion_column,nonlesion_column
1,GSM7660353,GSM7660378,PR1139_190_b.FPKM,PR1139_191_b.FPKM
2,GSM7660354,GSM7660379,PR1139_194_b.FPKM,PR1139_195_b.FPKM
3,GSM7660355,GSM7660380,PR1139_196_b.FPKM,PR1139_197_b.FPKM
4,GSM7660356,GSM7660381,PR1139_198_b.FPKM,PR1139_199_b.FPKM
5,GSM7660357,GSM7660382,PR1139_200_b.FPKM,PR1139_201_b.FPKM
6,GSM7660358,GSM7660383,PR1139_204_b.FPKM,PR1139_205_b.FPKM
7,GSM7660359,GSM7660384,PR1139_206_b.FPKM,PR1139_207_b.FPKM
8,GSM7660360,GSM7660385,PR1139_208_b.FPKM,PR1139_209_b.FPKM
9,GSM7660361,GSM7660386,PR1139_212_b.FPKM,PR1139_213_b.FPKM
10,GSM7660362,GSM7660387,PR1139_220_b.FPKM,PR1139_286_b.FPKM
11,GSM7660363,GSM7660388,PR1139_221_b.FPKM,PR1139_222_b.FPKM
12,GSM7660364,GSM7660389,PR1139_223_b.FPKM,PR1139_224_b.FPKM
13,GSM7660365,GSM7660390,PR1139_225_b.FPKM,PR1139_226_b.FPKM
14,GSM7660366,GSM7660391,PR1139_227_b.FPKM,PR1139_228_b.FPKM
15,GSM7660367,GSM7660392,PR1139_229_b.FPKM,PR1139_230_b.FPKM
16,GSM7660368,GSM7660393,PR1200_15_b.FPKM,PR1139_232_b.FPKM
17,GSM7660369,GSM7660394,PR1139_233_b.FPKM,PR1139_234_b.FPKM
18,GSM7660370,GSM7660395,PR1139_235_b.FPKM,PR1139_236_b.FPKM
19,GSM7660371,GSM7660396,PR1200_16_b.FPKM,PR1139_238_b.FPKM
20,GSM7660372,GSM7660397,PR1139_239_b.FPKM,PR1139_240_b.FPKM
21,GSM7660373,GSM7660398,PR1139_243_b.FPKM,PR1139_244_b.FPKM
22,GSM7660374,GSM7660399,PR1139_245_b.FPKM,PR1139_246_b.FPKM
23,GSM7660375,GSM7660400,PR1139_249_b.FPKM,PR1139_250_b.FPKM
24,GSM7660376,GSM7660401,PR1139_253_b.FPKM,PR1139_254_b.FPKM
25,GSM7660377,GSM7660402,PR1139_255_b.FPKM,PR1139_256_b.FPKM
