gene,discovery_mu,discovery_k,paired_mean_log2_fpkm1_diff,agrees,paired_t_p,panel_BH_q
CSF2RB,4.7269,1,0.24077290547796396,1,0.10131582870180669,0.38837734335692564
HOXD1,-4.6635,1,0.06879689494093691,0,0.5270053120415779,0.8807089691059083
CR1,4.6419,1,0.2941040918972555,1,0.008632662203064089,0.07608203555487368
SFMBT2,4.5584,1,-0.09758397033075747,0,0.1724466294080891,0.504497719511006
P2RY8,4.4759,1,-0.027089030680814332,0,0.8717034127587806,0.9325199299279978
SAMSN1,4.4759,1,0.17327588855211826,1,0.29006212382546026,0.7022556682090091
ST6GAL1,4.4609,1,0.09065017001953671,1,0.561015313768747,0.8807089691059083
IPO5P1,-4.3873,1,-0.17106981260782844,1,0.0038824817235318123,0.05948019716246001
GARNL3,-4.386,1,-0.3541949240929823,1,0.0017866252701191012,0.05948019716246001
RELT,4.2599,1,0.07448432918107606,1,0.5503963194843198,0.8807089691059083
SNX10,4.2565,1,-0.01449257763399813,0,0.9293828238914866,0.9500357755335197
GPR27,-4.1289,1,-0.07621200233394963,1,0.4093750785824294,0.8807089691059083
TESC,-4.1286,1,0.3508624246445421,0,0.009923743768027002,0.07608203555487368
RAB27A,4.0898,1,0.20630678955975199,1,0.005172191057605218,0.05948019716246001
CHST11,4.0854,1,0.04309833422335181,1,0.6707489491370806,0.8807089691059083
DOK3,4.0778,1,-0.0849915794005651,0,0.6352623622357285,0.8807089691059083
CARD8-AS1,4.0653,1,0.14316842922982723,1,0.17547746765600206,0.504497719511006
RBPJ,-4.0508,1,-0.0009837612478315627,1,0.9875150943825403,0.9875150943825403
JAK3,4.0433,1,-0.0472250417486056,0,0.7446925714792001,0.8807089691059083
CHST15,4.0186,1,0.18178110219940768,1,0.12074826693604346,0.4272630983890769
KLHL6,4.0129,1,-0.05668159636575826,0,0.7081756743606477,0.8807089691059083
SC5D,-3.9916,1,-0.024303301057238925,1,0.7466880390245745,0.8807089691059083
RASGRP3,3.962,1,0.1864359280796834,1,0.1871067351990905,0.5062888128916566
CPNE5,3.9246,1,0.021372465842230435,1,0.8936500284831943,0.9342704843233395
POU2AF1,3.8749,1,-0.06709369756201458,0,0.7218675443997025,0.8807089691059083
SERPINB9P1,3.8732,1,0.041560088910033544,1,0.6557575551008514,0.8807089691059083
LAMP3,3.8552,1,-0.06872517123195068,0,0.6983828718332215,0.8807089691059083
SNX20,3.8527,1,-0.27625191736222127,0,0.07257962699864347,0.33386628419375997
UST,-3.847,1,-0.1858958671140633,1,0.041859686449276505,0.21394950851852435
LY96,3.8353,1,0.25469481327308424,1,0.08724531978123037,0.36484406453969065
WIPF1,3.8036,1,0.03137562765283665,1,0.7772737269417005,0.8938647859829556
CR1L,3.7926,1,-0.03116029876827914,0,0.5370887011985067,0.8807089691059083
STAP1,3.7847,1,0.18614119640936289,1,0.37881192590266644,0.8712674295761328
PTGR1,-3.7793,1,-0.10373780698068971,1,0.4286382940566752,0.8807089691059083
FABP5,-3.7675,1,0.05295945593146292,0,0.8712669278082488,0.9325199299279978
FAHD2CP,-3.7531,1,-0.1948272356710187,1,0.022270552198083174,0.12805567513897825
ZNF93,-3.7178,1,0.06863322771939327,0,0.4459942778596987,0.8807089691059083
SHROOM1,-3.7155,1,-0.4827420024052341,1,0.015823036048131706,0.10397995117343692
CRTAC1,-3.6832,1,-0.10658844623534065,1,0.26043113855197164,0.6655462429661497
MFAP3L,-3.6712,1,-0.01432056005799771,1,0.8385376927994402,0.9325199299279978
PLXNC1,3.6697,1,0.04260652232474169,1,0.6853873265677335,0.8807089691059083
NEBL-AS1,-3.6572,1,-0.014100498258888039,1,0.6937547001384949,0.8807089691059083
ARFGEF3,-3.6507,1,-0.0972099475505546,1,0.1690606477361178,0.504497719511006
KIF5C,-3.6489,1,-0.02581723599787487,1,0.623047463234448,0.8807089691059083
HHEX,3.6437,1,0.3646949123794313,1,0.0027833812953190107,0.05948019716246001
DENND3,3.6379,1,-0.04240881808109073,0,0.7156989224176419,0.8807089691059083
