stratum,gene,discovery_mu,new_g,new_v,agrees
all_PBS,CSF2RB,4.7269,0.10354041689411879,0.32541233145886955,1
all_PBS,HOXD1,-4.6635,0.0941968644700409,0.32534127112599953,0
all_PBS,CR1,4.6419,-0.2777267205713145,0.32796662043535757,0
all_PBS,SFMBT2,4.5584,0.04157243928975335,0.3250664718349423,1
all_PBS,P2RY8,4.4759,0.11341387944032671,0.3254947195403733,1
all_PBS,SAMSN1,4.4759,-0.30485865719196975,0.3285745692640343,0
all_PBS,ST6GAL1,4.4609,0.4097022487026507,0.33145599740738496,1
all_PBS,GARNL3,-4.386,-0.42753361358005937,0.33203019195157013,1
all_PBS,RELT,4.2599,-0.1417982435705824,0.3257733362261424,0
all_PBS,SNX10,4.2565,-0.24065659731551933,0.32722752299351865,0
all_PBS,JAML,4.1343,-0.1524759582408774,0.325894189147749,0
all_PBS,GPR27,-4.1289,-0.25884230509306655,0.32757689765022663,1
all_PBS,TESC,-4.1286,-0.6035324844149662,0.33900967152861927,1
all_PBS,RAB27A,4.0898,0.199600836639976,0.32653232669182225,1
all_PBS,CHST11,4.0854,-0.17382573870321055,0.3261621302859891,0
all_PBS,DOK3,4.0778,-0.2450275672882868,0.3273091734127391,0
all_PBS,RBPJ,-4.0508,-0.6119945733638721,0.33940528299333955,1
all_PBS,JAK3,4.0433,-0.1238589369375777,0.3255900398561272,0
all_PBS,CHST15,4.0186,-0.17586641071610914,0.32618957670839105,0
all_PBS,KLHL6,4.0129,-0.25560568133451117,0.32751285632040306,0
all_PBS,SC5D,-3.9916,-0.052080496802798595,0.3251043222364318,1
all_PBS,RASGRP3,3.962,0.6589356850305896,0.3416998552694897,1
all_PBS,CPNE5,3.9246,-0.1663665801883806,0.3260645322693684,0
all_PBS,POU2AF1,3.8749,-0.7702046533804311,0.3478159695418796,0
all_PBS,SERPINB9P1,3.8732,0.39112681996319637,0.33088385343440474,1
all_PBS,LAMP3,3.8552,0.4378278875174388,0.33237281765723015,1
all_PBS,SNX20,3.8527,-0.147865795666616,0.3258409343664662,0
all_PBS,UST,-3.847,-0.47841844264095185,0.333803238702269,1
all_PBS,LY96,3.8353,-0.27721022927824224,0.32795559658524986,0
all_PBS,WIPF1,3.8036,-0.11434080186628642,0.3255028391912087,0
all_PBS,CR1L,3.7926,-0.2131686385817845,0.3267477257105697,0
all_PBS,STAP1,3.7847,0.18250221178927467,0.32628104066569147,1
all_PBS,PTGR1,-3.7793,-0.24982106074616772,0.32740040624585925,1
all_PBS,ZNF93,-3.7178,0.47611512435233816,0.33371867737065547,0
all_PBS,SHROOM1,-3.7155,-0.5362960947415697,0.33606205773980996,1
all_PBS,KYAT1,-3.6896,-1.4491584764367762,0.4057715496087907,1
all_PBS,CRTAC1,-3.6832,-0.8237710299244482,0.3510999503747226,1
all_PBS,MFAP3L,-3.6712,-0.9475443033514043,0.3595323156466807,1
all_PBS,PLXNC1,3.6697,-0.2246073550731687,0.3269403255366525,0
all_PBS,ARFGEF3,-3.6507,-0.24514324713741706,0.3273113542929645,1
all_PBS,KIF5C,-3.6489,-0.05412403020109147,0.32511266964020036,1
all_PBS,HHEX,3.6437,-0.3243163203106813,0.3290454259853793,0
all_PBS,DENND3,3.6379,-0.12514953934619824,0.32560240027686793,0
without_lesions,CSF2RB,4.7269,-0.22652840250648104,0.4025657558571069,0
without_lesions,HOXD1,-4.6635,0.3101828319390007,0.4048106694614849,0
without_lesions,CR1,4.6419,-0.8397435944365308,0.4352584652198593,0
without_lesions,SFMBT2,4.5584,-0.9529186947130585,0.44540270193668197,0
without_lesions,P2RY8,4.4759,-0.28602623136324085,0.40409055025139295,0
without_lesions,SAMSN1,4.4759,-0.8605383095930422,0.43702630911386253,0
without_lesions,ST6GAL1,4.4609,0.08756592113989545,0.40038338952725394,1
without_lesions,GARNL3,-4.386,-0.30584045082613337,0.4046769190680766,1
without_lesions,RELT,4.2599,-0.3515189916919975,0.406178280076008,0
without_lesions,SNX10,4.2565,-0.9464144179050098,0.44478501252092395,0
without_lesions,JAML,4.1343,-0.8858204461906686,0.4392338931444718,0
without_lesions,GPR27,-4.1289,-0.2706572606481177,0.4036627676370772,1
without_lesions,TESC,-4.1286,-0.565245414000968,0.4159751189024563,1
without_lesions,RAB27A,4.0898,-0.2761759624131908,0.40381365811074266,0
without_lesions,CHST11,4.0854,-0.7114077509063508,0.42530504940248165,0
without_lesions,DOK3,4.0778,-0.48666751155057336,0.4118422633399414,0
without_lesions,RBPJ,-4.0508,-1.5498739569984528,0.5201054641291021,1
without_lesions,JAK3,4.0433,-0.7677641362005985,0.42947308844179255,0
without_lesions,CHST15,4.0186,-0.6404112540063835,0.42050632871290144,0
without_lesions,KLHL6,4.0129,-0.9869484056662257,0.44870335777235526,0
without_lesions,SC5D,-3.9916,0.08444143192906127,0.40035651777131154,0
without_lesions,RASGRP3,3.962,0.3256446976592137,0.40530222345567807,1
without_lesions,CPNE5,3.9246,-0.007891516394372687,0.4000031138015502,0
without_lesions,POU2AF1,3.8749,-0.4911491120154071,0.4120613725116762,0
without_lesions,SERPINB9P1,3.8732,0.49272848613587455,0.41213906805248757,1
without_lesions,LAMP3,3.8552,0.038056539236494734,0.400072415008933,1
without_lesions,SNX20,3.8527,-0.5935097556973111,0.4176126915053941,0
without_lesions,UST,-3.847,-0.5839839374813873,0.41705186196181326,1
without_lesions,LY96,3.8353,-0.7878415565141166,0.4310347159085293,0
without_lesions,WIPF1,3.8036,-0.8667146447096841,0.43755971376771174,0
without_lesions,CR1L,3.7926,-0.7638318013755775,0.429171951039633,0
without_lesions,STAP1,3.7847,0.10932845224569042,0.40059763552352196,1
without_lesions,PTGR1,-3.7793,0.06433322474750017,0.40020693819032066,0
without_lesions,ZNF93,-3.7178,1.152573963403604,0.46642133705579464,0
without_lesions,SHROOM1,-3.7155,-0.48106346442685033,0.41157110284031817,1
without_lesions,KYAT1,-3.6896,-1.292486709583923,0.4835260947225538,1
without_lesions,CRTAC1,-3.6832,-0.47366482202779236,0.411217918181331,1
without_lesions,MFAP3L,-3.6712,-0.8490872630912473,0.4360474590171893,1
without_lesions,PLXNC1,3.6697,-0.8400940151222293,0.43528789771220944,0
without_lesions,ARFGEF3,-3.6507,-0.15384787000372832,0.4011834583552342,1
without_lesions,KIF5C,-3.6489,0.19478158416810806,0.40189699327655193,0
without_lesions,HHEX,3.6437,-1.2249180109737772,0.4750212066803977,0
without_lesions,DENND3,3.6379,-0.5764133262142438,0.41661261613186845,0
with_lesions,CSF2RB,4.7269,0.5609228213623824,0.5529979840536543,1
with_lesions,HOXD1,-4.6635,-0.3123666985956751,0.5394316429828059,1
with_lesions,CR1,4.6419,0.4869133445840462,0.5481511211542097,1
with_lesions,SFMBT2,4.5584,1.160695805943105,0.6175342554542029,1
with_lesions,P2RY8,4.4759,0.6804098506421158,0.56226818113651,1
with_lesions,SAMSN1,4.4759,0.41011787660436605,0.543845625377738,1
with_lesions,ST6GAL1,4.4609,0.8955143954388606,0.5834549603607225,1
with_lesions,GARNL3,-4.386,-0.4487203187411945,0.5459177036115332,1
with_lesions,RELT,4.2599,0.18403382990583123,0.5354501114926964,1
with_lesions,SNX10,4.2565,0.5891456477713173,0.5550266204763261,1
with_lesions,JAML,4.1343,0.8466385937343912,0.5781331401083676,1
with_lesions,GPR27,-4.1289,-0.19140223121563651,0.5356230092154786,1
with_lesions,TESC,-4.1286,-0.4196732711456366,0.5443411867404633,1
with_lesions,RAB27A,4.0898,0.8055429719809525,0.5738895508150774,1
with_lesions,CHST11,4.0854,0.5712983662521482,0.5537321972884817,1
with_lesions,DOK3,4.0778,0.15197341727678082,0.5347768283057572,1
with_lesions,RBPJ,-4.0508,0.571543911865235,0.5537497360327218,0
with_lesions,JAK3,4.0433,0.6960887317916846,0.5636170534912931,1
with_lesions,CHST15,4.0186,0.4372827940556247,0.5452843484569017,1
with_lesions,KLHL6,4.0129,0.658804251654116,0.5604597734581795,1
with_lesions,SC5D,-3.9916,-0.21716716040186454,0.5362809318056464,1
with_lesions,RASGRP3,3.962,1.0820426358919673,0.6065093499513357,1
with_lesions,CPNE5,3.9246,-0.4683940463369896,0.5470453947485795,0
with_lesions,POU2AF1,3.8749,-1.186397946032968,0.6213045887302862,0
with_lesions,SERPINB9P1,3.8732,0.09608920195045556,0.5339104042540506,1
with_lesions,LAMP3,3.8552,0.9984461850848205,0.5956392573652353,1
with_lesions,SNX20,3.8527,0.465128042452346,0.5468548393255553,1
with_lesions,UST,-3.847,-0.28210099441483355,0.5383071440239482,1
with_lesions,LY96,3.8353,0.3620907557266843,0.5415276905447534,1
with_lesions,WIPF1,3.8036,0.9107137577345539,0.5851708051162703,1
with_lesions,CR1L,3.7926,0.5299930626079659,0.550889123734119,1
with_lesions,STAP1,3.7847,0.28994564970327463,0.5385876133196992,1
with_lesions,PTGR1,-3.7793,-0.6355078084009692,0.558575219241996,1
with_lesions,ZNF93,-3.7178,-0.24553657852666252,0.5371013465454946,1
with_lesions,SHROOM1,-3.7155,-0.46924796922391054,0.5470954368721311,1
with_lesions,KYAT1,-3.6896,-1.5828912545388552,0.6899298785643078,1
with_lesions,CRTAC1,-3.6832,-1.0720489788947114,0.6051638966551579,1
with_lesions,MFAP3L,-3.6712,-0.8389410993706768,0.5773222188466633,1
with_lesions,PLXNC1,3.6697,0.5894835441017536,0.5550515113812561,1
with_lesions,ARFGEF3,-3.6507,-0.3052691896734481,0.539157663218576,1
with_lesions,KIF5C,-3.6489,-0.39155336565757015,0.542915460718194,1
with_lesions,HHEX,3.6437,0.42371844363930017,0.5445544158008403,1
with_lesions,DENND3,3.6379,0.4801166282660027,0.547740331879428,1
